{"timestamps": [1488324462.783298, 1488324463.167423, 1488324463.333829, 1488324463.733821, 1488324464.08383, 1488324464.350647, 1488324464.900875, 1488324465.734373, 1488324465.932896, 1488324466.183261, 1488324466.600364, 1488324466.949732, 1488324467.267086, 1488324467.750867, 1488324468.034373, 1488324468.500286, 1488324468.817419, 1488324469.001902, 1488324469.250952, 1488324469.467354, 1488324469.735877, 1488324469.918177, 1488324470.468217, 1488324471.383374, 1488324471.600123, 1488324471.834577, 1488324472.484737, 1488324472.867898, 1488324473.200797, 1488324473.617867, 1488324473.817512, 1488324474.418734, 1488324474.635044, 1488324474.968191, 1488324475.218436, 1488324475.835937, 1488324476.051677, 1488324476.517407, 1488324477.417978, 1488324477.62777, 1488324477.923342, 1488324478.180093, 1488324478.370686, 1488324478.545447, 1488324478.710846, 1488324479.01516, 1488324479.201756, 1488324479.584372, 1488324479.74053, 1488324479.891422, 1488324480.298074, 1488324480.483523, 1488324480.69326, 1488324481.017278, 1488324481.145824, 1488324481.409296, 1488324481.588939, 1488324481.784167, 1488324482.509981, 1488324482.726148, 1488324483.029909, 1488324483.263227, 1488324483.444385, 1488324483.647284, 1488324483.834725, 1488324484.035491, 1488324484.322599, 1488324484.431677, 1488324484.577252, 1488324484.842746, 1488324485.285169, 1488324485.460575, 1488324485.691496, 1488324485.872649, 1488324486.02913, 1488324486.458381, 1488324486.997055, 1488324487.152527, 1488324487.531205, 1488324487.934873, 1488324489.127284, 1488324489.386855, 1488324489.725398, 1488324489.9873, 1488324490.148658, 1488324490.701074, 1488324491.124272, 1488324492.222009, 1488324492.507252, 1488324492.721475, 1488324492.925862, 1488324493.076482, 1488324493.21967, 1488324493.569612, 1488324493.83937, 1488324494.231888, 1488324494.430346, 1488324494.867321, 1488324495.037049, 1488324495.187526], "initial_reset_timestamp": 1488324462.390809, "episode_types": ["t", "t", "t", "t", "t", "t", "t", "t", "t", "t", "t", "t", "t", "t", "t", "t", "t", "t", "t", "t", "t", "t", "t", "t", "t", "t", "t", "t", "t", "t", "t", "t", "t", "t", "t", "t", "t", "t", "t", "t", "t", "t", "t", "t", "t", "t", "t", "t", "t", "t", "t", "t", "t", "t", "t", "t", "t", "t", "t", "t", "t", "t", "t", "t", "t", "t", "t", "t", "t", "t", "t", "t", "t", "t", "t", "t", "t", "t", "t", "t", "t", "t", "t", "t", "t", "t", "t", "t", "t", "t", "t", "t", "t", "t", "t", "t", "t", "t", "t", "t"], "episode_lengths": [21, 19, 10, 24, 21, 16, 33, 50, 12, 15, 25, 21, 19, 29, 17, 28, 19, 11, 15, 13, 16, 11, 33, 55, 13, 14, 39, 23, 20, 25, 12, 36, 13, 20, 15, 37, 13, 28, 59, 16, 22, 19, 14, 13, 13, 23, 14, 30, 12, 11, 32, 14, 16, 25, 10, 20, 14, 15, 56, 16, 23, 18, 14, 15, 14, 15, 22, 8, 11, 20, 34, 13, 18, 14, 12, 34, 40, 12, 30, 32, 94, 20, 26, 20, 12, 43, 33, 82, 20, 16, 15, 11, 11, 26, 20, 30, 15, 27, 12, 11], "episode_rewards": [21.0, 19.0, 10.0, 24.0, 21.0, 16.0, 33.0, 50.0, 12.0, 15.0, 25.0, 21.0, 19.0, 29.0, 17.0, 28.0, 19.0, 11.0, 15.0, 13.0, 16.0, 11.0, 33.0, 55.0, 13.0, 14.0, 39.0, 23.0, 20.0, 25.0, 12.0, 36.0, 13.0, 20.0, 15.0, 37.0, 13.0, 28.0, 59.0, 16.0, 22.0, 19.0, 14.0, 13.0, 13.0, 23.0, 14.0, 30.0, 12.0, 11.0, 32.0, 14.0, 16.0, 25.0, 10.0, 20.0, 14.0, 15.0, 56.0, 16.0, 23.0, 18.0, 14.0, 15.0, 14.0, 15.0, 22.0, 8.0, 11.0, 20.0, 34.0, 13.0, 18.0, 14.0, 12.0, 34.0, 40.0, 12.0, 30.0, 32.0, 94.0, 20.0, 26.0, 20.0, 12.0, 43.0, 33.0, 82.0, 20.0, 16.0, 15.0, 11.0, 11.0, 26.0, 20.0, 30.0, 15.0, 27.0, 12.0, 11.0]}